approach,detection_recall,correction_accuracy,false_positive_rate,sentences_per_sec,acc_diacritic,acc_substitution,acc_deletion,acc_insertion,acc_transposition
Dictionary + Edit Distance,0.79625,0.68,0.017190961453256534,94.98,0.61875,0.6625,0.38125,0.90625,0.83125
N-gram Reranking,0.79625,0.71875,0.017190961453256534,94.65,0.625,0.725,0.46875,0.9125,0.8625
LLM Zero-shot,0.96375,0.805,0.024280017722640674,0.23,0.875,0.73125,0.78125,0.83125,0.80625
